-- phpMyAdmin SQL Dump
-- version 5.2.3
-- https://www.phpmyadmin.net/
--
-- Хост: MySQL-8.4
-- Час створення: Квт 14 2026 р., 08:58
-- Версія сервера: 8.4.8
-- Версія PHP: 8.0.30

SET SQL_MODE = "NO_AUTO_VALUE_ON_ZERO";
START TRANSACTION;
SET time_zone = "+00:00";


/*!40101 SET @OLD_CHARACTER_SET_CLIENT=@@CHARACTER_SET_CLIENT */;
/*!40101 SET @OLD_CHARACTER_SET_RESULTS=@@CHARACTER_SET_RESULTS */;
/*!40101 SET @OLD_COLLATION_CONNECTION=@@COLLATION_CONNECTION */;
/*!40101 SET NAMES utf8mb4 */;

--
-- База даних: `automaint_db`
--

--
-- Дамп даних таблиці `wp_ab_departments`
--

INSERT INTO `wp_ab_departments` (`id`, `name`, `address`, `phone`) VALUES
(1, 'Хлібзавод №1', 'вул. Промислова, 12, Київ', '044-111-22-33'),
(2, 'Макаронна фабрика', 'вул. Заводська, 5, Київ', '044-222-33-44'),
(3, 'Бісквітна фабрика', 'вул. Фабрична, 8, Київ', '044-333-44-55');

--
-- Дамп даних таблиці `wp_ab_drivers`
--

INSERT INTO `wp_ab_drivers` (`id`, `dept_id`, `last_name`, `first_name`, `phone`, `license_category`, `license_number`, `is_active`) VALUES
(1, 1, 'Мельник', 'Олександр', '099-356-59-41', 'C', 'НА 254698', 1),
(2, 1, 'Коваленко', 'Дмитро', '063-457-32-15', 'СЕ', 'BA149357', 1),
(3, 2, 'Бойко', 'Андрій', '097-259-47-33', 'C', 'CT 547369', 1);

--
-- Дамп даних таблиці `wp_ab_maintenance_items`
--

INSERT INTO `wp_ab_maintenance_items` (`id`, `plan_id`, `task_name`, `description`, `norm_hours`, `recommended_part_id`) VALUES
(1, 6, 'Заміна моторної оливи', NULL, 0.50, NULL),
(2, 6, 'Заміна масляного фільтра', NULL, 0.30, NULL),
(3, 6, 'Перевірка рівня охолоджувальної рідини', NULL, 0.20, NULL),
(4, 6, 'Перевірка тиску в шинах', NULL, 0.30, NULL),
(5, 6, 'Перевірка гальмівної системи', NULL, 0.50, NULL),
(6, 7, 'Заміна моторної оливи', NULL, 0.50, NULL),
(7, 7, 'Заміна масляного фільтра', NULL, 0.30, NULL),
(8, 7, 'Заміна паливного фільтра', NULL, 0.40, NULL),
(9, 7, 'Заміна повітряного фільтра', NULL, 0.30, NULL),
(10, 7, 'Перевірка гальмівних колодок', NULL, 0.80, NULL),
(11, 7, 'Перевірка підвіски', NULL, 1.00, NULL),
(12, 7, 'Діагностика двигуна', NULL, 1.00, NULL),
(25, 10, 'Заміна моторної оливи та всіх фільтрів', NULL, 1.50, NULL),
(26, 10, 'Заміна ременя ГРМ', NULL, 3.00, NULL),
(27, 10, 'Заміна гальмівних дисків і колодок', NULL, 2.50, NULL),
(28, 10, 'Заміна підшипників маточини', NULL, 2.00, NULL),
(29, 10, 'Перевірка і регулювання зчеплення', NULL, 1.50, NULL),
(30, 10, 'Повна діагностика електросистеми', NULL, 2.00, NULL),
(31, 10, 'Перевірка рами і кузова', NULL, 1.00, NULL),
(32, 10, 'Заміна охолоджувальної рідини', NULL, 0.80, NULL),
(33, 11, 'Заміна моторної оливи та фільтрів', NULL, 1.00, NULL),
(34, 11, 'Заміна гальмівної рідини', NULL, 0.50, NULL),
(35, 11, 'Заміна охолоджувальної рідини', NULL, 0.80, NULL),
(36, 11, 'Заміна ременя ГРМ', NULL, 3.00, NULL),
(37, 11, 'Перевірка і регулювання клапанів', NULL, 2.00, NULL),
(38, 11, 'Перевірка карданного валу', NULL, 1.00, NULL),
(39, 11, 'Діагностика електросистеми', NULL, 1.50, NULL),
(40, 8, 'Заміна моторної оливи', NULL, 0.50, NULL),
(41, 8, 'Заміна масляного фільтра', NULL, 0.30, NULL),
(42, 8, 'Перевірка рівня охолоджувальної рідини', NULL, 0.20, NULL),
(43, 8, 'Перевірка тиску в шинах', NULL, 0.50, NULL),
(44, 8, 'Перевірка гальмівної системи', NULL, 0.50, NULL),
(45, 9, 'Заміна моторної оливи', NULL, 0.50, NULL),
(46, 9, 'Заміна масляного фільтра', NULL, 0.30, NULL),
(47, 9, 'Заміна паливного фільтра', NULL, 0.40, NULL),
(48, 9, 'Заміна повітряного фільтра', NULL, 0.30, NULL),
(49, 9, 'Перевірка гальмівних колодок', NULL, 1.00, NULL),
(50, 9, 'Перевірка підвіски та рульового', NULL, 1.20, NULL),
(51, 9, 'Діагностика двигуна', NULL, 1.00, NULL);

--
-- Дамп даних таблиці `wp_ab_maintenance_plans`
--

INSERT INTO `wp_ab_maintenance_plans` (`id`, `vehicle_type_id`, `name`, `interval_km`, `interval_days`, `is_active`) VALUES
(6, 1, 'ТО-10 (5т)', 10000, 180, 1),
(7, 1, 'ТО-20 (5т)', 20000, 365, 1),
(8, 2, 'ТО-10 (10т)', 10000, 180, 1),
(9, 2, 'ТО-20 (10т)', 20000, 365, 1),
(10, NULL, 'ТО-100', 100000, 730, 1),
(11, NULL, 'ТО-60', 60000, 540, 1);

--
-- Дамп даних таблиці `wp_ab_parts`
--

INSERT INTO `wp_ab_parts` (`id`, `name`, `sku`, `stock_qty`, `min_stock`, `unit_price`) VALUES
(1, 'Моторна олива 5W-30 (1 літр)', 'OIL-5W30-1L', 28, 10, 185.00),
(2, 'Масляний фільтр MAN', 'FILTER-OIL-MAN', 0, 10, 320.00),
(3, 'Гальмівні колодки передні (комплект)', 'BRAKE-PAD-FR', 17, 2, 1450.00),
(4, 'Повітряний фільтр двигуна', 'FILTER-AIR', 3, 4, 580.00),
(5, 'Антифриз G12 (1 літр)', 'COOLANT-G12-1L', 4, 8, 95.00);

--
-- Дамп даних таблиці `wp_ab_vehicles`
--

INSERT INTO `wp_ab_vehicles` (`id`, `dept_id`, `type_id`, `driver_id`, `vin`, `plate_number`, `make_id`, `model_id`, `year`, `purchase_date`, `current_km`, `status`) VALUES
(1, 1, 2, 3, 'АК124589354751294', 'АА1247АА', 5, 12, 2012, '2026-02-02', 55500, 'ACTIVE'),
(2, 2, 1, 2, 'BH145269872648593', 'BH4598BH', 1, 1, 2001, '2025-10-12', 50000, 'IN_SERVICE'),
(3, 1, 2, 1, 'KA69541287036501', 'KA1497KA', 3, 8, 1968, '2022-02-04', 100000, 'OUT_OF_SERVICE'),
(5, 1, 1, 1, 'AA495170365871594', 'АА0001НН', 6, 15, 1995, '1999-08-02', 13800, 'ACTIVE'),
(6, 2, 1, 2, 'TE412594875632148', 'КА0002НН', 2, 4, 2022, '2000-11-11', 9200, 'ACTIVE'),
(7, 3, 1, 3, 'PO478951260421036', 'ВА0003НН', 4, 10, 2021, '1999-12-25', 9850, 'ACTIVE'),
(8, 3, 1, 3, 'РН145956324875612', 'РР1459РР', 6, 14, 1995, '2000-12-12', 10000, 'ACTIVE');
COMMIT;

/*!40101 SET CHARACTER_SET_CLIENT=@OLD_CHARACTER_SET_CLIENT */;
/*!40101 SET CHARACTER_SET_RESULTS=@OLD_CHARACTER_SET_RESULTS */;
/*!40101 SET COLLATION_CONNECTION=@OLD_COLLATION_CONNECTION */;
